{
  "model_name": "swin_tiny_patch4_window7_224",
  "best_val_accuracy": 0.8604651162790697,
  "roc_auc": 0.9817584564415766,
  "pr_auc": 0.9404720543822714,
  "precision_macro": 0.8952380952380953,
  "recall_macro": 0.8209392528941402
}